City,Cloudiness,Country,Date,Humidity,Lat,Lng,Max Temp,Wind Speed
Namibe,0,AO,1554088351.0,100,-15.19,-15.19,77.87,6.2
Ilulissat,0,GL,1554083400.0,61,69.22,69.22,15.8,18.34
Rikitea,36,PF,1554088172.0,100,-23.12,-23.12,76.79,16.82
Saldanha,20,PT,1554088351.0,94,41.42,41.42,39.8,2.62
Albany,75,US,1554088140.0,64,42.65,42.65,37.0,12.75
Nikolskoye,0,RU,1554088300.0,84,59.7,59.7,32.0,11.18
Cabo San Lucas,5,MX,1554087920.0,41,22.89,22.89,77.0,6.93
Richards Bay,0,ZA,1554088352.0,93,-28.77,-28.77,70.13,11.01
Severo-Kurilsk,76,RU,1554088352.0,100,50.68,50.68,29.63,2.06
Punta Arenas,75,CL,1554087746.0,87,-53.16,-53.16,50.0,8.05
Plouzane,8,FR,1554088325.0,87,48.38,48.38,48.99,5.82
Ibotirama,0,BR,1554088353.0,93,-12.18,-12.18,71.21,3.85
Mama,40,MX,1554087694.0,69,20.48,20.48,79.0,6.93
Mataura,80,NZ,1554087609.0,75,-46.19,-46.19,53.01,8.01
Port-Gentil,8,GA,1554088353.0,98,-0.72,-0.72,81.92,5.97
Hithadhoo,0,MV,1554088354.0,100,-0.6,-0.6,83.18,5.53
Ketchikan,1,US,1554083760.0,70,55.34,55.34,55.4,18.34
Chokurdakh,0,RU,1554088354.0,96,70.62,70.62,21.35,4.97
Rocha,64,UY,1554088354.0,96,-34.48,-34.48,59.51,3.96
Yellowknife,90,CA,1554088084.0,86,62.45,62.45,33.8,18.34
Hermanus,44,ZA,1554087686.0,67,-34.42,-34.42,57.0,3.0
Vardo,90,US,1554088354.0,39,39.62,39.62,34.0,6.93
Nishihara,40,JP,1554088345.0,74,35.74,35.74,57.99,6.93
Namatanai,56,PG,1554088355.0,97,-3.66,-3.66,83.45,12.24
Duiwelskloof,44,ZA,1554088356.0,90,-23.69,-23.69,60.05,2.95
Noumea,75,NC,1554085800.0,62,-22.28,-22.28,86.0,12.75
Ushuaia,90,AR,1554084000.0,76,-54.81,-54.81,48.2,10.29
Airai,8,TL,1554088356.0,55,-8.93,-8.93,83.81,1.72
Bambous Virieux,75,MU,1554088142.0,94,-20.34,-20.34,75.99,5.82
Saint George,0,GR,1554087811.0,86,39.45,39.45,48.99,2.62
Hobart,40,AU,1554088216.0,41,-42.88,-42.88,62.01,8.05
Avarua,0,CK,1554085800.0,88,-21.21,-21.21,82.4,9.17
Atuona,20,PF,1554088168.0,100,-9.8,-9.8,82.28,12.01
Busselton,48,AU,1554088029.0,31,-33.64,-33.64,84.99,12.35
Westport,76,IE,1554088325.0,90,53.8,53.8,42.01,1.01
Norman Wells,90,CA,1554087420.0,94,65.28,65.28,32.0,11.41
Conde,88,BR,1554088357.0,100,-11.81,-11.81,77.42,5.08
Lazaro Cardenas,5,MX,1554088214.0,33,28.39,28.39,63.0,5.82
Jamestown,0,AU,1554088173.0,60,-33.21,-33.21,67.43,2.51
Puerto Ayora,0,EC,1554087671.0,93,-0.74,-0.74,79.0,6.98
Benjamin Hill,8,MX,1554088277.0,17,30.17,30.17,71.01,4.0
Yerbogachen,48,RU,1554088358.0,70,61.28,61.28,33.59,6.64
Cherskiy,0,RU,1554088359.0,68,68.75,68.75,16.13,3.96
Ahipara,92,NZ,1554088359.0,100,-35.17,-35.17,68.24,7.76
Yulara,0,AU,1554084000.0,22,-25.24,-25.24,75.2,13.87
Qaanaaq,68,GL,1554088173.0,79,77.48,77.48,-1.79,6.42
New Norfolk,40,AU,1554088156.0,41,-42.78,-42.78,62.01,8.05
Tefe,20,BR,1554088198.0,80,-3.35,-3.35,79.4,4.97
Bayeux,8,FR,1554087602.0,93,49.28,49.28,45.0,4.7
Lavrentiya,64,RU,1554088360.0,100,65.58,65.58,29.18,5.3
Chuy,44,UY,1554088167.0,90,-33.69,-33.69,64.01,4.97
Ancud,90,CL,1554084000.0,100,-41.87,-41.87,51.8,4.7
Buluang,20,PH,1554084000.0,54,10.47,10.47,84.2,12.75
Meadow Lake,24,CA,1554088421.0,62,54.13,54.13,29.09,6.2
Lebu,12,ET,1554088421.0,92,8.96,8.96,48.26,3.62
Bignona,0,SN,1554088421.0,47,12.8,12.8,77.69,4.41
Cairns,75,AU,1554088401.0,62,-16.92,-16.92,87.8,12.75
Hambantota,20,LK,1554084600.0,94,6.12,6.12,80.6,5.82
Bredasdorp,8,ZA,1554084000.0,76,-34.53,-34.53,55.4,8.05
Burla,0,RU,1554088422.0,78,53.34,53.34,33.95,6.42
Salalah,75,OM,1554083400.0,78,17.01,17.01,75.2,3.36
Nuevo Progreso,90,US,1554088227.0,87,26.05,26.05,48.99,8.05
Kutum,0,SD,1554088422.0,26,14.2,14.2,59.24,10.67
Kysyl-Syr,48,RU,1554088422.0,67,63.9,63.9,32.33,4.52
Cape Town,40,ZA,1554088091.0,67,-33.93,-33.93,59.0,12.75
Niihama,75,JP,1554087824.0,31,33.96,33.96,54.0,18.34
Kenai,1,US,1554088324.0,43,60.55,60.55,51.8,5.82
Clyde River,90,CA,1554084000.0,91,70.47,70.47,1.4,5.82
Kodiak,1,US,1554088150.0,40,39.95,39.95,37.99,5.82
Bethel,1,US,1554083760.0,53,60.79,60.79,51.8,11.41
Shingu,20,JP,1554084000.0,50,33.72,33.72,51.8,17.22
Dikson,76,RU,1554088424.0,97,73.51,73.51,30.17,19.39
Florence,20,US,1554088384.0,48,34.8,34.8,46.0,11.41
Pasni,0,PK,1554088425.0,78,25.26,25.26,77.24,7.65
Castro,90,CL,1554084000.0,100,-42.48,-42.48,51.8,4.7
Port Elizabeth,1,US,1554088397.0,41,39.31,39.31,44.01,14.99
Muscat,0,OM,1554083400.0,69,23.6,23.6,73.4,3.36
Klaksvik,80,FO,1554085200.0,81,62.23,62.23,42.8,11.41
East London,90,ZA,1554085980.0,82,-33.02,-33.02,62.6,24.16
Opole,0,PL,1554088231.0,67,50.67,50.67,35.12,6.76
Mahebourg,75,MU,1554088142.0,94,-20.41,-20.41,75.99,5.82
Hasaki,75,JP,1554087278.0,30,35.73,35.73,61.0,12.75
Provideniya,90,RU,1554085800.0,100,64.42,64.42,32.0,6.71
Sovetskiy,76,RU,1554088426.0,92,56.76,56.76,34.22,15.26
Vaini,0,IN,1554084000.0,88,15.34,15.34,71.6,3.36
Barrow,44,AR,1554088427.0,60,-38.31,-38.31,68.15,7.76
Tashara,56,RU,1554088427.0,94,55.52,55.52,32.06,12.91
Barzas,75,RU,1554085800.0,89,55.72,55.72,32.0,15.66
Gornopravdinsk,0,RU,1554088427.0,74,60.06,60.06,30.08,9.22
Tuktoyaktuk,75,CA,1554084000.0,85,69.44,69.44,19.4,26.4
Vostok,76,RU,1554088428.0,51,46.45,46.45,29.9,3.4
Kieta,56,PG,1554088428.0,100,-6.22,-6.22,81.2,2.73
Dawlatabad,8,AF,1554088428.0,68,36.41,36.41,49.25,6.76
Fortuna,75,ES,1554088412.0,93,38.18,38.18,55.4,4.7
Iqaluit,75,CA,1554088322.0,77,63.75,63.75,3.2,5.82
Port Alfred,20,ZA,1554088170.0,94,-33.59,-33.59,66.35,24.54
Hanzhong,64,CN,1554088429.0,33,33.08,33.08,60.41,3.29
Yeniseysk,92,RU,1554088429.0,96,58.45,58.45,36.92,8.99
Hovd,75,NO,1554088265.0,85,63.83,63.83,37.0,21.92
Hienghene,0,NC,1554088430.0,100,-20.68,-20.68,79.58,9.89
Dingle,0,PH,1554088449.0,43,11.0,11.0,88.13,13.24
Fort Nelson,40,CA,1554084000.0,31,58.81,58.81,48.2,3.36
Dukat,0,RS,1554088254.0,68,42.44,42.44,35.01,2.06
Tiarei,75,PF,1554088342.0,74,-17.53,-17.53,86.0,6.93
Geraldton,20,CA,1554084000.0,57,49.72,49.72,23.0,6.93
Maniitsoq,76,GL,1554088491.0,87,65.42,65.42,22.97,12.8
Magadan,64,RU,1554088454.0,89,59.56,59.56,32.15,15.26
Pevek,20,RU,1554088177.0,76,69.7,69.7,11.63,3.29
Arteaga,40,MX,1554088317.0,87,25.45,25.45,48.99,9.17
Balsas,64,BR,1554088491.0,93,-7.53,-7.53,73.73,2.84
Burnie,0,AU,1554088427.0,40,-41.05,-41.05,69.01,3.0
Holme,90,GB,1554088447.0,86,53.7,53.7,42.8,5.82
Mae Tha,0,TH,1554087893.0,39,18.46,18.46,84.99,3.36
Ixtapa,5,MX,1554088217.0,88,20.71,20.71,73.99,8.05
Solnechnyy,80,RU,1554088492.0,71,50.72,50.72,27.83,6.42
Vao,8,EE,1554088493.0,88,59.1,59.1,30.98,10.0
Severo-Yeniseyskiy,88,RU,1554088322.0,86,60.37,60.37,37.73,9.78
Sibolga,56,ID,1554088493.0,88,1.74,1.74,77.96,1.5
Cabedelo,90,BR,1554084000.0,100,-6.97,-6.97,77.0,5.82
Bluff,0,AU,1554088493.0,47,-23.58,-23.58,79.13,6.98
Ponta do Sol,32,BR,1554088177.0,81,-20.63,-20.63,64.1,2.51
Sambava,44,MG,1554088494.0,100,-14.27,-14.27,80.21,3.18
Lamu,68,ID,1554088494.0,85,0.57,0.57,82.1,1.95
Raudeberg,92,NO,1554088203.0,93,61.99,61.99,37.99,18.34
Berezovyy,68,RU,1554088494.0,59,51.67,51.67,28.19,4.85
Ribeira Grande,64,PT,1554088495.0,100,38.52,38.52,59.33,25.55
Yaan,44,NG,1554088495.0,78,7.38,7.38,79.94,7.87
Camacha,40,PT,1554085800.0,82,33.08,33.08,59.0,10.29
Upernavik,80,GL,1554088495.0,100,72.79,72.79,10.73,4.85
Chalons-en-Champagne,0,FR,1554088325.0,62,48.95,48.95,51.8,10.29
Krasnyy Chikoy,0,RU,1554088495.0,33,50.36,50.36,38.0,3.18
Katsuura,75,JP,1554087859.0,53,33.93,33.93,50.0,19.46
Vazante,32,BR,1554088496.0,78,-17.99,-17.99,70.22,2.62
Saint-Philippe,90,CA,1554088188.0,90,45.36,45.36,32.0,10.29
Umm Lajj,0,SA,1554088496.0,100,25.02,25.02,58.16,6.98
Anito,8,PH,1554088496.0,96,12.45,12.45,80.66,11.68
Nanning,90,CN,1554084000.0,82,22.83,22.83,62.6,4.47
Nanortalik,12,GL,1554088497.0,100,60.14,60.14,26.48,19.28
Touros,40,BR,1554084000.0,100,-5.2,-5.2,77.0,2.24
Mar del Plata,36,AR,1554088497.0,48,-46.43,-46.43,63.2,13.13
Pop,92,UZ,1554085800.0,76,40.87,40.87,50.0,6.93
Arraial do Cabo,20,BR,1554088175.0,98,-22.97,-22.97,74.99,3.62
Timizart,92,DZ,1554088057.0,98,36.8,36.8,53.01,2.17
Cidreira,0,BR,1554088498.0,95,-30.17,-30.17,66.17,2.62
Christchurch,0,NZ,1554088204.0,27,-43.53,-43.53,78.01,24.16
Coahuayana,0,MX,1554088498.0,56,18.62,18.62,64.01,2.17
Torbay,90,CA,1554088406.0,100,47.66,47.66,45.0,8.05
Southbridge,40,US,1554088474.0,74,42.08,42.08,39.2,17.22
Kwinana,64,AU,1554088305.0,54,-32.25,-32.25,82.99,11.41
Bloomington,1,US,1554088498.0,68,40.47,40.47,33.01,4.7
Acapulco,5,MX,1554086700.0,73,16.86,16.86,77.0,4.7
Beringovskiy,88,RU,1554088560.0,96,63.05,63.05,32.6,16.26
Canavieiras,92,BR,1554088560.0,82,-15.68,-15.68,79.49,5.97
Awjilah,0,LY,1554088560.0,74,29.14,29.14,46.91,3.06
Longyearbyen,40,NO,1554083400.0,65,78.22,78.22,6.8,4.7
Svecha,88,RU,1554088560.0,97,58.28,58.28,36.38,10.0
Dembi Dolo,0,ET,1554088561.0,78,8.53,8.53,59.33,2.73
Kapaa,20,US,1554088411.0,54,22.08,22.08,80.6,19.46
Kusu,75,JP,1554088471.0,45,33.28,33.28,55.0,18.34
Iquitos,75,PE,1554084000.0,94,-3.75,-3.75,78.8,3.36
Le Mars,1,US,1554088554.0,60,42.79,42.79,44.6,12.75
Matagami,20,NG,1554088562.0,73,9.67,9.67,66.71,1.95
Aklavik,90,CA,1554086460.0,73,68.22,68.22,26.6,12.75
Port Hardy,20,CA,1554087180.0,70,50.7,50.7,48.2,2.24
Pyaozerskiy,0,RU,1554088562.0,75,65.83,65.83,23.06,8.77
Avera,1,US,1554088531.0,35,33.19,33.19,55.4,9.17
Indramayu,56,ID,1554088562.0,80,-4.05,-4.05,77.33,1.83
Sfantu Gheorghe,0,RO,1554087600.0,86,44.65,44.65,42.8,3.36
Cayenne,80,GF,1554085800.0,78,4.94,4.94,78.8,6.98
Guane,80,CU,1554088563.0,72,22.2,22.2,76.43,2.06
Okhotsk,0,RU,1554088563.0,61,59.36,59.36,35.75,5.75
Haines Junction,0,CA,1554088564.0,50,60.75,60.75,37.19,2.06
Tasiilaq,88,GL,1554087000.0,73,65.61,65.61,23.0,4.7
Mareeba,75,AU,1554088457.0,62,-16.99,-16.99,87.8,12.75
High Level,40,CA,1554087600.0,38,58.52,58.52,42.8,2.24
Sao Filipe,0,CV,1554088564.0,98,14.9,14.9,70.31,14.7
Saskylakh,44,RU,1554088565.0,92,71.97,71.97,26.39,13.24
Mahon,75,IE,1554087600.0,93,51.89,51.89,41.0,5.82
The Valley,20,AI,1554087767.0,74,18.22,18.22,78.8,8.05
Gravenhurst,90,CA,1554088563.0,79,44.92,44.92,24.8,10.29
Verkh-Usugli,0,RU,1554088565.0,41,52.7,52.7,33.05,2.95
Jumla,32,NP,1554088566.0,82,29.28,29.28,34.13,1.72
Necochea,36,AR,1554088197.0,77,-38.55,-38.55,66.0,3.62
Ostrovnoy,32,RU,1554088268.0,82,68.05,68.05,22.7,17.83
Hilo,90,US,1554088266.0,83,19.71,19.71,75.2,11.41
Ranong,20,TH,1554084000.0,70,9.96,9.96,87.8,4.7
Port Augusta,0,AU,1554087981.0,52,-32.49,-32.49,72.0,9.17
Kaitangata,32,NZ,1554088463.0,33,-46.28,-46.28,62.01,21.0
Aloleng,20,PH,1554088567.0,91,16.13,16.13,83.9,6.31
Kampong Chhnang,68,KH,1554088567.0,89,12.25,12.25,80.3,5.41
Santa Maria,40,BR,1554084000.0,100,-29.69,-29.69,69.8,3.36
Constitucion,5,MX,1554088215.0,21,23.99,23.99,69.8,10.29
Tiksi,8,RU,1554088569.0,78,71.64,71.64,29.45,8.21
Krasnodon,0,UA,1554088569.0,77,48.31,48.31,36.38,3.06
Marsh Harbour,8,BS,1554088416.0,100,26.54,26.54,72.83,4.41
Adrar,0,DZ,1554087600.0,58,27.87,27.87,59.0,6.93
Hobyo,92,SO,1554088173.0,85,5.35,5.35,80.03,9.22
Misratah,88,LY,1554088570.0,87,32.38,32.38,57.53,13.8
Tura,100,IN,1554088570.0,93,25.52,25.52,68.15,4.18
Faanui,0,PF,1554088168.0,100,-16.48,-16.48,84.08,3.74
Pachino,36,IT,1554088523.0,71,36.72,36.72,46.0,5.01
Talcahuano,32,CL,1554084000.0,93,-36.72,-36.72,55.4,5.82
Chirongui,20,YT,1554085800.0,79,-12.93,-12.93,84.2,13.87
Narsaq,0,GL,1554087000.0,47,60.91,60.91,14.0,11.41
Ejido,36,VE,1554088632.0,95,8.55,8.55,60.86,1.83
Salina Cruz,20,MX,1554088632.0,60,16.18,16.18,77.96,15.03
Atasu,92,KZ,1554088632.0,98,48.68,48.68,45.65,8.99
Mayumba,100,GA,1554088632.0,97,-3.44,-3.44,81.29,5.64
Krasnogorskoye,80,RU,1554088633.0,95,57.7,57.7,35.03,13.24
Luderitz,12,NA,1554088546.0,83,-26.65,-26.65,59.96,18.84
Shama,0,YE,1554088633.0,81,15.9,15.9,67.52,3.62
Rosarito,40,CO,1554087600.0,94,4.91,4.91,75.2,2.24
Bensonville,20,LR,1554084000.0,94,6.45,6.45,77.0,4.74
Flinders,75,AU,1554088540.0,72,-34.58,-34.58,72.0,6.93
Waitati,32,NZ,1554088359.0,42,-45.75,-45.75,64.0,17.0
Kamaishi,75,JP,1554084000.0,74,39.28,39.28,37.4,3.62
Chumikan,80,RU,1554088602.0,68,54.72,54.72,31.07,4.41
Thompson,75,CA,1554084000.0,62,55.74,55.74,24.8,5.82
Ilhabela,76,BR,1554088561.0,98,-23.78,-23.78,76.7,14.7
Trinidad,64,UY,1554088635.0,73,-33.52,-33.52,70.31,7.54
Marsaxlokk,0,MT,1554088624.0,93,35.84,35.84,51.01,2.24
Mizdah,80,LY,1554088635.0,52,31.45,31.45,53.57,4.18
San Juan de Uraba,76,CO,1554088635.0,98,8.76,8.76,80.93,12.01
Nanyang,0,CN,1554088382.0,19,33.0,33.0,69.01,8.66
Port Lincoln,24,AU,1554088636.0,94,-34.72,-34.72,65.18,2.95
Olinda,75,EC,1554087895.0,78,-2.03,-2.03,80.6,9.17
Hofn,68,IS,1554088636.0,99,64.25,64.25,40.16,16.93
Kahului,75,US,1554088621.0,57,20.89,20.89,80.6,11.41
Gouyave,20,GD,1554084000.0,83,12.16,12.16,78.8,13.87
Bereda,0,ES,1554088513.0,100,43.27,43.27,55.0,1.12
Nouadhibou,8,MR,1554084000.0,82,20.93,20.93,62.6,13.87
Chapais,75,CA,1554084000.0,56,49.78,49.78,14.0,13.87
San Cristobal,20,EC,1554087714.0,87,-0.39,-0.39,57.2,2.24
Mount Isa,0,AU,1554085800.0,30,-20.73,-20.73,80.6,12.75
Vila Velha,68,BR,1554088423.0,100,-3.71,-3.71,79.0,1.99
Whitianga,92,NZ,1554088510.0,96,-36.83,-36.83,70.0,7.0
Ifakara,80,TZ,1554088638.0,95,-8.13,-8.13,70.76,1.28
Grand Forks,90,US,1554088602.0,73,47.91,47.91,32.0,3.36
Laguna,20,MX,1554082800.0,43,27.52,27.52,71.6,4.7
Yumen,64,CN,1554088639.0,38,40.29,40.29,49.61,5.08
Bria,44,CF,1554088639.0,74,6.54,6.54,73.01,3.51
Price,1,US,1554088444.0,33,39.6,39.6,44.6,8.05
Bredy,24,RU,1554088639.0,93,52.43,52.43,26.48,11.9
Svetlogorsk,20,RU,1554085800.0,80,53.14,53.14,35.6,8.95
Bocas del Toro,12,PA,1554088210.0,62,9.33,9.33,60.01,5.01
Gamba,24,CN,1554088640.0,79,28.28,28.28,19.28,2.73
Juneau,1,US,1554083760.0,22,58.3,58.3,57.2,6.93
Pangnirtung,76,CA,1554088606.0,75,66.15,66.15,7.31,7.2
Governador Valadares,88,BR,1554088609.0,67,-18.85,-18.85,74.81,10.67
Ayan,48,TR,1554088641.0,81,40.67,40.67,23.33,2.28
Lompoc,1,US,1554088538.0,71,34.64,34.64,64.4,3.36
Yar-Sale,56,RU,1554088630.0,86,66.83,66.83,21.08,14.7
Kisesa,88,TZ,1554088701.0,100,-2.55,-2.55,67.88,10.78
Hervey Bay,75,AU,1554088522.0,50,-25.3,-25.3,82.99,16.11
Saint Anthony,40,US,1554088229.0,48,43.97,43.97,48.2,8.05
Boa Vista,0,BR,1554087600.0,42,2.82,2.82,86.0,8.05
Codrington,90,AU,1554088412.0,53,-28.95,-28.95,77.0,6.93
Rio Gallegos,90,AR,1554084000.0,87,-51.62,-51.62,51.8,4.7
Aksarka,36,RU,1554088703.0,92,66.56,66.56,21.44,10.89
Honningsvag,40,NO,1554087000.0,86,70.98,70.98,28.4,39.15
Nelson Bay,90,AU,1554088551.0,93,-32.72,-32.72,68.0,8.05
Deputatskiy,32,RU,1554088704.0,90,69.3,69.3,19.01,3.74
Ziro,92,IN,1554088704.0,98,27.54,27.54,50.33,1.83
Zambezi,0,ZM,1554088704.0,70,-13.55,-13.55,62.75,6.42
Bonthe,0,SL,1554088704.0,91,7.53,7.53,80.75,4.41
Georgetown,20,GY,1554084000.0,88,6.8,6.8,75.2,4.7
Grindavik,40,IS,1554088015.0,100,63.84,63.84,32.0,13.87
Okha,88,RU,1554088705.0,95,53.59,53.59,23.96,15.48
Calatayud,92,ES,1554088528.0,93,41.35,41.35,50.0,9.17
Mayo,75,CA,1554084000.0,34,63.59,63.59,51.8,5.82
Prachuap Khiri Khan,0,TH,1554088705.0,64,11.81,11.81,86.33,2.95
Butaritari,88,KI,1554088706.0,100,3.07,3.07,80.93,9.55
Palekh,24,RU,1554088706.0,92,56.8,56.8,30.98,13.91
Asahikawa,40,JP,1554084000.0,42,43.76,43.76,30.2,2.24
Sinnamary,56,GF,1554088706.0,96,5.38,5.38,79.58,8.66
Esperance,20,TT,1554088525.0,83,10.24,10.24,77.0,6.93
Baracoa,8,CU,1554088707.0,100,20.35,20.35,75.71,11.01
Lewistown,1,US,1554088615.0,80,40.39,40.39,34.0,3.36
Prince Rupert,1,CA,1554084000.0,57,54.32,54.32,51.8,4.7
Gazli,0,UZ,1554088707.0,69,40.13,40.13,38.36,6.64
Breytovo,36,RU,1554088708.0,83,58.3,58.3,25.04,7.76
Lorengau,88,PG,1554088609.0,94,-2.02,-2.02,84.35,11.56
Sechura,0,PE,1554088692.0,71,-5.56,-5.56,73.91,13.13
Northam,0,GB,1554088641.0,80,51.04,51.04,42.01,12.75
Walvis Bay,0,NA,1554087732.0,68,-22.95,-22.95,66.2,10.29
Arauco,0,CL,1554084000.0,93,-37.25,-37.25,55.4,5.82
Huarmey,8,PE,1554088709.0,90,-10.07,-10.07,64.28,3.96
Gawler,20,AU,1554088628.0,42,-34.6,-34.6,70.0,12.75
Alta Floresta,32,BR,1554088625.0,92,-9.87,-9.87,76.16,0.72
Matara,64,PE,1554088709.0,95,-13.74,-13.74,43.31,1.61
Mawlaik,24,MM,1554088709.0,83,23.63,23.63,73.46,2.39
Bajil,80,ES,1554088710.0,98,38.23,38.23,46.55,2.95
Jerez,92,ES,1554088518.0,100,36.68,36.68,60.8,4.7
Enid,90,US,1554088597.0,61,36.4,36.4,42.01,4.7
Pinyug,92,RU,1554088710.0,99,60.25,60.25,33.23,5.41
Te Anau,48,NZ,1554088710.0,68,-45.41,-45.41,49.25,12.24
Sindor,32,RU,1554088711.0,75,62.87,62.87,16.13,2.73
Lodja,8,CD,1554088711.0,93,-3.52,-3.52,73.46,2.28
Hami,88,CN,1554088711.0,47,42.84,42.84,55.55,6.2
Tutoia,88,BR,1554088711.0,99,-2.76,-2.76,77.24,3.62
Iralaya,68,HN,1554088771.0,96,15.0,15.0,76.43,6.53
Rome,0,IT,1554088569.0,75,41.89,41.89,53.01,2.24
Tyret Pervaya,0,RU,1554088772.0,92,53.67,53.67,39.26,6.76
Carnarvon,0,ZA,1554088495.0,46,-30.97,-30.97,48.71,10.78
Alofi,92,NU,1554084000.0,83,-19.06,-19.06,80.6,10.29
Lingao,76,CN,1554088772.0,75,19.91,19.91,82.19,9.1
Terrace Bay,8,CA,1554088638.0,90,48.78,48.78,29.36,11.34
College,1,US,1554088723.0,40,64.86,64.86,55.4,3.62
Egvekinot,76,RU,1554088773.0,92,66.32,66.32,30.62,3.51
Altamont,1,CA,1554088215.0,100,49.4,49.4,32.0,3.96
Sivaki,0,RU,1554088773.0,37,52.63,52.63,36.2,3.74
La Ronge,75,CA,1554084000.0,54,55.1,55.1,32.0,2.24
Reconquista,68,AR,1554088504.0,83,-29.14,-29.14,76.88,11.9
Borgarnes,75,IS,1554088614.0,80,64.54,64.54,32.0,12.75
Kloulklubed,75,PW,1554087000.0,74,7.04,7.04,84.2,13.87
Mehamn,40,NO,1554087000.0,86,71.03,71.03,28.4,39.15
Nabire,48,ID,1554088774.0,85,-3.36,-3.36,78.23,2.62
Munster,0,DE,1554088630.0,74,52.99,52.99,33.8,4.7
Saint-Augustin,0,FR,1554088278.0,75,44.83,44.83,46.4,4.18
Tuatapere,76,NZ,1554088207.0,73,-46.13,-46.13,53.01,7.0
Manchester,90,US,1554088654.0,69,43.0,43.0,41.0,17.22
Caravelas,0,BR,1554088776.0,100,-17.73,-17.73,81.02,12.01
Birao,0,CF,1554088776.0,31,10.3,10.3,67.61,7.99
Elizabeth City,75,US,1554088516.0,76,36.3,36.3,51.01,4.29
Williams Lake,20,CA,1554084000.0,31,52.13,52.13,50.0,10.29
Mana,0,RS,1554087600.0,72,43.52,43.52,35.6,2.28
Oum Hadjer,0,TD,1554088776.0,20,13.3,13.3,72.38,11.45
Moga,0,IN,1554088777.0,69,30.82,30.82,74.63,4.63
Mbumi,24,TZ,1554088777.0,97,-7.91,-7.91,72.47,3.74
Sterling,20,US,1554088766.0,37,39.0,39.0,37.99,32.21
Basco,1,US,1554088554.0,81,40.33,40.33,37.0,3.36
Portree,80,GB,1554088571.0,75,57.41,57.41,39.99,5.99
Jalu,0,LY,1554088778.0,68,29.03,29.03,47.9,3.74
Sobolevo,24,RU,1554088778.0,73,54.43,54.43,33.59,15.48
Strezhevoy,75,RU,1554085800.0,92,60.73,60.73,30.2,17.9
Gunjur,40,GM,1554084000.0,64,13.18,13.18,73.4,8.05
Los Llanos de Aridane,92,ES,1554085800.0,72,28.66,28.66,59.0,6.93
Zimovniki,0,RU,1554088779.0,75,47.15,47.15,31.61,8.21
Hay River,75,CA,1554084000.0,74,60.82,60.82,37.4,12.75
Mazatlan,5,MX,1554088626.0,68,23.22,23.22,73.0,6.93
Abu Kamal,64,SY,1554088779.0,91,34.45,34.45,46.28,10.22
Yabrud,40,SY,1554088530.0,87,33.97,33.97,46.4,9.17
Kostomuksha,0,RU,1554088780.0,85,64.59,64.59,22.25,6.64
Tezu,92,IN,1554088780.0,100,27.93,27.93,53.57,1.72
Barmer,0,IN,1554088780.0,25,25.74,25.74,82.46,2.95
Isangel,75,VU,1554084000.0,79,-19.55,-19.55,84.2,9.17
Saint-Pierre,0,FR,1554088625.0,62,48.95,48.95,51.8,10.29
Jamsa,0,FI,1554088661.0,92,61.86,61.86,30.0,8.05
Marinette,1,US,1554088752.0,73,45.1,45.1,30.2,6.98
Labuhan,36,ID,1554088781.0,73,-2.54,-2.54,85.43,2.73
Khatanga,88,RU,1554088842.0,97,71.98,71.98,30.53,6.64
Kampot,40,KH,1554085800.0,70,10.62,10.62,87.8,9.17
Sur,0,OM,1554088595.0,79,22.57,22.57,79.31,4.18
Ponta Delgada,75,PT,1554087600.0,82,37.73,37.73,55.4,12.75
Newton Abbot,0,GB,1554088836.0,78,50.53,50.53,44.01,1.99
Pleshanovo,0,RU,1554084000.0,76,57.46,57.46,32.0,8.95
Salinopolis,92,BR,1554088843.0,100,-0.61,-0.61,79.04,8.32
Clarence Town,90,AU,1554088834.0,93,-32.59,-32.59,71.01,8.05
Soyo,8,AO,1554088843.0,96,-6.13,-6.13,78.05,3.62
Izvestkovyy,32,RU,1554088843.0,45,48.98,48.98,32.24,3.4
Arman,36,RU,1554088844.0,68,59.7,59.7,28.01,10.78
Dourbali,0,TD,1554088844.0,21,11.81,11.81,75.8,12.57
Nome,1,US,1554088808.0,75,30.04,30.04,48.99,6.08
Luanda,75,AO,1554084000.0,94,-8.83,-8.83,77.0,9.17
Griffith,90,AU,1554088819.0,46,-34.29,-34.29,71.6,6.93
Bemidji,90,US,1554088802.0,92,47.48,47.48,30.0,3.96
Fort Myers Beach,1,US,1554088721.0,77,26.45,26.45,71.6,5.82
Mnogovershinnyy,80,RU,1554088845.0,68,53.94,53.94,24.05,4.85
Methoni,0,GR,1554088532.0,86,36.82,36.82,52.0,17.05
Santa Marta,75,CO,1554088821.0,66,11.24,11.24,86.0,9.17
Vangaindrano,92,MG,1554088846.0,100,-23.35,-23.35,67.88,2.73
Gela,48,IT,1554088824.0,70,37.07,37.07,46.0,5.01
Guerrero Negro,48,MX,1554088685.0,29,27.97,27.97,71.66,10.56
Bafoulabe,0,ML,1554088846.0,66,13.81,13.81,74.9,2.95
Kyzyl-Suu,0,KG,1554088697.0,82,42.34,42.34,21.0,5.01
Jiazi,75,CN,1554084000.0,100,19.61,19.61,71.6,4.47
Terra Rica,24,BR,1554088847.0,73,-22.73,-22.73,73.82,7.54
Minas Novas,80,BR,1554088847.0,71,-17.22,-17.22,71.48,8.77
Fukue,20,JP,1554088636.0,53,35.03,35.03,60.01,16.11
Palmer,1,US,1554088804.0,34,61.6,61.6,53.01,4.7
Calabozo,88,VE,1554088848.0,47,8.92,8.92,89.48,12.68
Nantucket,90,US,1554088568.0,81,41.28,41.28,42.8,19.46
Gushikawa,75,JP,1554087146.0,52,26.35,26.35,64.4,18.34
Vestmannaeyjar,0,IS,1554088848.0,100,63.44,63.44,32.96,9.55
Karratha,0,AU,1554088848.0,28,-20.74,-20.74,98.03,3.62
Hulan,90,IR,1554085800.0,93,34.23,34.23,41.0,2.62
Brenham,1,US,1554088771.0,81,30.17,30.17,46.99,7.87
Springbok,0,ZA,1554088849.0,90,-29.67,-29.67,43.04,3.4
Panguipulli,90,CL,1554084000.0,87,-39.64,-39.64,55.4,3.36
Ormara,0,PK,1554088849.0,70,25.21,25.21,76.7,7.43
Kroya,20,ID,1554088850.0,85,-6.5,-6.5,84.71,2.73
Ypsonas,40,CY,1554088628.0,87,34.69,34.69,51.8,4.7
Margate,40,AU,1554088816.0,41,-43.03,-43.03,64.99,8.05
Ghanzi,88,BW,1554088850.0,60,-21.7,-21.7,74.36,0.83
San Patricio,76,PY,1554088850.0,72,-26.98,-26.98,78.41,3.96
Banjar,36,ID,1554088627.0,78,-7.37,-7.37,82.55,3.74
Katobu,36,ID,1554088553.0,87,-4.94,-4.94,85.25,2.95
Havoysund,75,NO,1554087000.0,92,71.0,71.0,26.6,29.97
Mackay,75,CA,1554084000.0,73,53.65,53.65,39.2,4.7
Araouane,20,ML,1554088851.0,42,18.9,18.9,76.88,10.22
Leningradskiy,56,RU,1554088911.0,92,69.38,69.38,11.0,12.24
Stepnyak,0,KZ,1554088912.0,78,52.83,52.83,25.31,5.41
Toora-Khem,32,RU,1554088912.0,66,52.47,52.47,37.91,2.84
Alice Springs,0,AU,1554085800.0,26,-23.7,-23.7,77.0,14.99
Amga,0,RU,1554088912.0,60,60.89,60.89,27.11,3.62
Grand Gaube,20,MU,1554088442.0,88,-20.01,-20.01,75.99,6.93
Cortez,1,US,1554088706.0,69,37.35,37.35,35.6,2.17
Fatsa,75,TR,1554087000.0,86,41.03,41.03,39.2,4.7
Wewak,48,PG,1554088913.0,90,-3.55,-3.55,82.46,3.4
Axim,8,GH,1554088913.0,100,4.87,4.87,82.55,6.64
Boa Viagem,92,BR,1554088914.0,97,-5.13,-5.13,71.66,3.4
Simplicio Mendes,92,BR,1554088914.0,98,-7.85,-7.85,71.48,5.64
Cordoba,76,CO,1554088914.0,92,5.59,5.59,54.11,0.04
Abu Samrah,88,SY,1554088914.0,99,35.3,35.3,47.81,7.2
Cascais,20,PT,1554088841.0,93,38.7,38.7,59.0,4.7
Cortes,36,PH,1554088915.0,77,9.28,9.28,81.56,4.07
Mount Gambier,90,AU,1554084000.0,51,-37.83,-37.83,62.6,5.82
Gazojak,0,TM,1554088915.0,83,41.19,41.19,33.95,2.95
Gelemso,76,ET,1554088915.0,63,8.81,8.81,59.33,2.73
Ondjiva,76,AO,1554088915.0,76,-17.07,-17.07,67.52,9.1
Uglich,20,RU,1554088916.0,86,57.53,57.53,24.23,7.43
Wufeng,75,TW,1554088870.0,88,24.63,24.63,64.99,26.4
Tiruchchendur,20,IN,1554085800.0,62,8.48,8.48,86.0,6.08
Goryachegorsk,0,RU,1554088916.0,61,55.41,55.41,35.03,9.89
Suntar,20,RU,1554088640.0,60,62.16,62.16,35.3,4.52
Eyl,80,SO,1554088916.0,100,7.98,7.98,78.23,5.86
Whitehorse,40,CA,1554088750.0,36,60.72,60.72,48.2,4.7
Novyy Urengoy,20,RU,1554088850.0,91,66.08,66.08,25.49,12.24
Xining,8,CN,1554088917.0,31,36.62,36.62,48.17,3.06
Portland,90,US,1554088637.0,34,45.52,45.52,64.4,3.36
Liberia,0,CR,1554087600.0,54,10.63,10.63,82.4,2.24
Vredendal,80,ZA,1554088918.0,94,-31.68,-31.68,55.73,3.29
Baturaja,88,ID,1554088918.0,99,-4.12,-4.12,76.97,4.97
Aginskoye,8,RU,1554088800.0,88,51.11,51.11,34.0,7.0
Harper,1,US,1554088819.0,48,30.3,30.3,46.4,5.82
Sri Aman,75,MY,1554084000.0,74,1.24,1.24,86.0,2.24
Kavieng,36,PG,1554088919.0,100,-2.57,-2.57,82.46,7.87
Brooks,92,CA,1554088676.0,58,50.57,50.57,37.99,6.2
San Policarpo,8,PH,1554088919.0,82,12.18,12.18,82.55,12.12
Agaro,48,ET,1554088919.0,94,7.86,7.86,55.82,2.73
Rognan,75,NO,1554088850.0,85,67.1,67.1,32.0,10.29
Terra Santa,20,BR,1554088920.0,92,-2.1,-2.1,78.14,3.74
Costinesti,0,RO,1554087600.0,60,43.95,43.95,41.0,11.41
Laizhou,0,CN,1554088920.0,46,37.18,37.18,57.89,7.99
Apastepeque,0,SV,1554087000.0,88,13.67,13.67,80.6,3.36
Inuvik,90,CA,1554086460.0,73,68.36,68.36,26.6,12.75
Iaciara,32,BR,1554088921.0,74,-14.1,-14.1,74.27,4.41
Ustka,0,PL,1554088921.0,92,54.58,54.58,37.1,7.2
Kruisfontein,32,ZA,1554088921.0,91,-34.0,-34.0,58.7,22.08
Vanimo,32,PG,1554088741.0,100,-2.67,-2.67,82.1,13.24
Anloga,20,GH,1554084000.0,83,5.79,5.79,82.4,2.24
Lasa,40,CY,1554087697.0,87,34.92,34.92,51.8,4.7
Gambo,0,NG,1554088978.0,26,11.96,11.96,74.09,11.23
Alekseyevsk,0,RU,1554088982.0,55,57.84,57.84,38.45,4.97
Kualakapuas,40,ID,1554085800.0,78,-3.01,-3.01,82.4,6.93
Broken Hill,32,AU,1554084000.0,45,-31.97,-31.97,68.0,9.17
Stendal,0,DE,1554088945.0,77,52.61,52.61,35.01,5.86
Souillac,0,FR,1554088806.0,61,45.6,45.6,48.2,2.24
Sao Felix do Xingu,0,BR,1554088983.0,98,-6.64,-6.64,73.46,2.39
Durg,20,IN,1554084000.0,54,21.19,21.19,80.6,3.36
Muros,0,ES,1554088976.0,87,42.77,42.77,57.99,2.24
Honiara,76,SB,1554088984.0,100,-9.43,-9.43,77.33,1.72
Chushan,8,CN,1554088984.0,51,33.3,33.3,67.43,10.89
Mbanza-Ngungu,0,CD,1554088946.0,93,-5.25,-5.25,68.33,2.73
Faya,20,SA,1554087600.0,71,18.39,18.39,59.0,11.41
Wajima,75,JP,1554084000.0,73,37.4,37.4,41.0,2.24
Buin,0,CL,1554084000.0,72,-33.73,-33.73,60.8,4.7
Comodoro Rivadavia,0,AR,1554084000.0,35,-45.87,-45.87,69.8,10.29
Talnakh,88,RU,1554088985.0,97,69.49,69.49,29.27,13.8
Bathsheba,20,BB,1554084000.0,73,13.22,13.22,77.0,10.29
Makarov,56,RU,1554088986.0,74,48.62,48.62,26.84,10.67
Pangai,40,TO,1554087600.0,83,-19.8,-19.8,82.4,11.41
Salina,1,US,1554088943.0,69,36.29,36.29,44.6,6.98
Ulaangom,20,MN,1554088987.0,89,49.98,49.98,35.39,2.84
Petropavlovsk-Kamchatskiy,64,RU,1554085800.0,69,53.05,53.05,33.8,11.18
Ewo,0,CG,1554088987.0,87,-0.88,-0.88,74.27,2.73
Loandjili,20,CG,1554087600.0,100,-4.77,-4.77,77.0,1.12
Finote Selam,12,ET,1554088987.0,49,10.7,10.7,52.85,4.85
Sangar,12,RU,1554088988.0,63,63.92,63.92,25.94,2.95
Darnah,0,LY,1554088955.0,100,32.77,32.77,59.96,17.94
Vila Franca do Campo,75,PT,1554087600.0,82,37.72,37.72,55.4,12.75
Pisco,12,PE,1554084000.0,73,-13.71,-13.71,75.2,9.17
El Alto,40,BO,1554084000.0,87,-16.5,-16.5,46.4,4.7
Grand-Lahou,0,CI,1554088989.0,93,5.24,5.24,78.41,3.74
Gohpur,92,IN,1554088989.0,100,26.89,26.89,62.21,3.06
Srinagar,0,IN,1554088725.0,82,34.07,34.07,32.69,1.95
Bereznik,12,RU,1554088989.0,72,62.86,62.86,19.01,5.75
Mkushi,0,ZM,1554088989.0,80,-13.61,-13.61,57.35,3.06
Tazovskiy,12,RU,1554088990.0,98,67.47,67.47,27.83,13.69
Porto Torres,0,IT,1554088984.0,87,40.84,40.84,51.01,4.7
Limbang,75,BN,1554085800.0,62,4.75,4.75,86.0,13.87
Manadhoo,0,MV,1554088990.0,100,5.77,5.77,83.9,2.39
Soe,0,EE,1554088816.0,74,57.91,57.91,33.01,13.87
Bubaque,0,GW,1554088991.0,91,11.28,11.28,82.55,4.85
Poso,88,ID,1554088991.0,100,-1.4,-1.4,79.04,4.63
Charters Towers,64,AU,1554088991.0,85,-20.07,-20.07,72.38,8.21
Lerwick,68,GB,1554087000.0,81,60.15,60.15,42.8,18.34
Miri,8,NG,1554088991.0,62,10.31,10.31,64.01,2.62
Fairbanks,1,US,1554088852.0,52,64.84,64.84,54.0,4.7
Veraval,0,FR,1554088975.0,81,49.65,49.65,48.0,10.29
Taltal,12,CL,1554089052.0,100,-25.41,-25.41,55.19,1.5
Trat,20,TH,1554088974.0,70,12.25,12.25,91.0,2.24
Tessalit,92,ML,1554089053.0,37,20.2,20.2,77.06,10.67
General Roca,0,AR,1554084000.0,56,-39.03,-39.03,73.4,3.36
Chapada dos Guimaraes,75,BR,1554084000.0,79,-15.46,-15.46,84.2,2.24
Mongu,0,ZM,1554089053.0,71,-15.27,-15.27,61.58,2.95
Kholtoson,0,RU,1554089053.0,46,50.3,50.3,40.16,3.51
Tomatlan,0,MX,1554089054.0,81,19.93,19.93,66.26,2.28
Prieska,0,ZA,1554089054.0,27,-29.67,-29.67,63.65,8.21
Sao Jose da Coroa Grande,88,BR,1554089054.0,98,-8.9,-8.9,77.96,2.95
Vikindu,20,TZ,1554087600.0,100,-6.98,-6.98,77.0,2.62
Dakar,0,SN,1554085800.0,72,14.69,14.69,66.2,21.92
Ballina,32,IE,1554088924.0,87,54.11,54.11,42.01,5.99
Boyolangu,56,ID,1554089055.0,89,-8.09,-8.09,79.22,4.18
Mayya,0,RU,1554085800.0,62,61.74,61.74,21.2,4.47
Pontes e Lacerda,8,BR,1554089055.0,91,-15.23,-15.23,74.0,2.73
Tevriz,0,RU,1554089055.0,76,57.51,57.51,32.06,8.21
Mindelo,0,PT,1554088863.0,67,41.31,41.31,59.0,4.7
Mackenzie,75,CA,1554085800.0,80,55.34,55.34,44.6,5.82
Leshukonskoye,8,RU,1554089056.0,90,64.9,64.9,24.86,4.52
Orocue,44,CO,1554089056.0,96,4.79,4.79,75.8,2.95
Boende,0,CD,1554089056.0,89,-0.28,-0.28,76.25,3.74
Hailey,40,US,1554088535.0,69,43.52,43.52,35.6,2.17
Kholodnyy,0,RU,1554089057.0,71,62.72,62.72,19.64,4.63
Nola,8,CF,1554089057.0,79,3.52,3.52,73.91,3.74
Gotsu,75,JP,1554084000.0,52,35.01,35.01,44.6,17.22
Wenling,0,CN,1554089032.0,43,28.38,28.38,62.01,4.0
Broome,0,GB,1554089003.0,80,52.47,52.47,44.01,5.82
Vicente Guerrero,90,MX,1554083100.0,38,16.93,16.93,73.4,10.29
Rawson,0,AR,1554089058.0,49,-43.3,-43.3,57.26,2.95
Batagay-Alyta,24,RU,1554089058.0,87,67.8,67.8,22.43,4.18
Springfield,1,US,1554089045.0,69,37.22,37.22,39.0,6.42
Kitimat,20,CA,1554084000.0,30,54.02,54.02,57.2,8.05
Alzamay,56,RU,1554089059.0,78,55.55,55.55,43.22,4.18
Ust-Kan,36,RU,1554089060.0,80,50.93,50.93,38.54,2.51
Champerico,75,MX,1554086640.0,61,16.38,16.38,78.8,28.86
Beloha,0,MG,1554089060.0,82,-25.17,-25.17,59.96,3.06
Hudiksvall,0,SE,1554089061.0,85,61.73,61.73,32.24,9.55
Gairo,44,TZ,1554089061.0,97,-6.14,-6.14,60.68,2.95
Warrnambool,44,AU,1554088932.0,53,-38.38,-38.38,64.99,1.01
Lagoa,75,PT,1554088937.0,87,37.14,37.14,59.0,5.82
Qandala,12,SO,1554089061.0,88,11.47,11.47,64.55,2.84
Jadu,92,LY,1554089062.0,82,31.95,31.95,55.1,13.24
Bonoua,20,CI,1554085800.0,94,5.27,5.27,82.4,2.24
Esil,0,KZ,1554089062.0,87,51.96,51.96,28.28,7.09
Anadyr,90,RU,1554088946.0,94,64.73,64.73,33.8,26.84
Yen Bai,88,VN,1554089062.0,98,21.7,21.7,69.95,3.74
Henties Bay,0,NA,1554087732.0,87,-22.12,-22.12,62.01,5.01
Mersing,36,MY,1554089063.0,88,2.43,2.43,85.25,2.95
Isla Mujeres,40,MX,1554088341.0,74,21.23,21.23,78.8,9.17
Hirara,75,JP,1554087600.0,82,24.8,24.8,62.6,17.22
Ahuimanu,1,US,1554089072.0,57,21.44,21.44,80.6,6.93
Tias,0,ES,1554087600.0,77,28.96,28.96,64.4,2.24
Severnoye,92,RU,1554089124.0,93,54.09,54.09,35.21,13.69
Pitimbu,90,BR,1554084000.0,100,-7.47,-7.47,77.0,5.82
Xinyu,36,CN,1554089124.0,84,27.8,27.8,60.77,7.99
Verkh-Chebula,68,RU,1554089125.0,68,56.03,56.03,36.11,14.03
Brokopondo,0,SR,1554084000.0,83,5.06,5.06,77.0,3.36
Hamada,75,JP,1554084000.0,52,34.9,34.9,44.6,17.22
Kavaratti,0,IN,1554089125.0,99,10.57,10.57,84.62,9.22
Portales,90,US,1554089110.0,41,34.19,34.19,43.0,6.93
Cienfuegos,64,CU,1554087540.0,73,22.15,22.15,73.4,4.7
Kununurra,0,AU,1554085800.0,18,-15.77,-15.77,91.4,12.75
Wilkes-Barre,90,US,1554088943.0,43,41.25,41.25,36.0,16.11
Mitzic,36,GA,1554089126.0,92,0.78,0.78,74.72,1.61
Kodinsk,44,RU,1554089126.0,80,58.6,58.6,40.16,7.99
Shache,0,CN,1554089118.0,45,38.42,38.42,53.57,4.41
Foumban,12,CM,1554089127.0,88,5.73,5.73,56.72,2.62
Paamiut,76,GL,1554089127.0,100,61.99,61.99,26.03,11.23
Bongandanga,48,CD,1554089127.0,93,1.51,1.51,75.26,2.17
Victoria,75,BN,1554085800.0,62,5.28,5.28,86.0,10.29
Ternate,75,PH,1554088770.0,59,14.29,14.29,89.6,9.17
Kerema,48,PG,1554089128.0,79,-7.96,-7.96,81.92,2.95
